Painting 1,Painting 2
Adam and Eve (1528),The Judgment of Paris (c. 1528)
Adam and Eve (1528),Venus (1532)
Adam and Eve (1528),Portrait of a Lady (c. 1526)
Adam and Eve (1528),The Three Graces (1531)
Adam and Eve (1528),Cupid Complaining to Venus (1525)
Adam and Eve (1528),Portrait of Johann Friedrich the Magnanimous (c. 1531)
Adam and Eve (1528),St. Catherine of Alexandria (1509)
Adam and Eve (1528),Madonna and Child (1534)
Adam and Eve (1528),The Golden Age (1530)
The Judgment of Paris (c. 1528),Venus (1532)
The Judgment of Paris (c. 1528),Portrait of a Lady (c. 1526)
The Judgment of Paris (c. 1528),The Three Graces (1531)
The Judgment of Paris (c. 1528),Cupid Complaining to Venus (1525)
The Judgment of Paris (c. 1528),Portrait of Johann Friedrich the Magnanimous (c. 1531)
The Judgment of Paris (c. 1528),St. Catherine of Alexandria (1509)
The Judgment of Paris (c. 1528),Madonna and Child (1534)
The Judgment of Paris (c. 1528),The Golden Age (1530)
Venus (1532),Portrait of a Lady (c. 1526)
Venus (1532),The Three Graces (1531)
Venus (1532),Cupid Complaining to Venus (1525)
Venus (1532),Portrait of Johann Friedrich the Magnanimous (c. 1531)
Venus (1532),St. Catherine of Alexandria (1509)
Venus (1532),Madonna and Child (1534)
Venus (1532),The Golden Age (1530)
Portrait of a Lady (c. 1526),The Three Graces (1531)
Portrait of a Lady (c. 1526),Cupid Complaining to Venus (1525)
Portrait of a Lady (c. 1526),Portrait of Johann Friedrich the Magnanimous (c. 1531)
Portrait of a Lady (c. 1526),St. Catherine of Alexandria (1509)
Portrait of a Lady (c. 1526),Madonna and Child (1534)
Portrait of a Lady (c. 1526),The Golden Age (1530)
The Three Graces (1531),Cupid Complaining to Venus (1525)
The Three Graces (1531),Portrait of Johann Friedrich the Magnanimous (c. 1531)
The Three Graces (1531),St. Catherine of Alexandria (1509)
The Three Graces (1531),Madonna and Child (1534)
The Three Graces (1531),The Golden Age (1530)
Cupid Complaining to Venus (1525),Portrait of Johann Friedrich the Magnanimous (c. 1531)
Cupid Complaining to Venus (1525),St. Catherine of Alexandria (1509)
Cupid Complaining to Venus (1525),Madonna and Child (1534)
Cupid Complaining to Venus (1525),The Golden Age (1530)
Portrait of Johann Friedrich the Magnanimous (c. 1531),St. Catherine of Alexandria (1509)
Portrait of Johann Friedrich the Magnanimous (c. 1531),Madonna and Child (1534)
Portrait of Johann Friedrich the Magnanimous (c. 1531),The Golden Age (1530)
St. Catherine of Alexandria (1509),Madonna and Child (1534)
St. Catherine of Alexandria (1509),The Golden Age (1530)
Madonna and Child (1534),The Golden Age (1530)
